0xCBA5018De6b2b6F89d84A1F5A68953f07554765e,2244
0xa6Bf70bd230867c870eF13631D7EFf1AE8Ab85c9,576
0x00b5F428905DEA1a67940093fFeaCeee58cA91Ae,1272
0x00fC79F38bAf0dE21E1fee5AC4648Bc885c1d774,1556
0x00b5F428905DEA1a67940093fFeaCeee58cA91Ae,1797
0x844c6733314f878adb6a8d2f8133f04735945cbe,245
0x9c313628a2632c8b4109c11e2ff8b45c1a3d5ee3,1132
0x7a1813a9c99f9ccfc953465d9fec61c8d6b2c11c,1957
0x3285ff9e3cd9ee2c62c8c7f45e271b4b63ddce2b,416
0x9f456d76071ebfc809efd91fc77bc260d85708d0,763
0xcecb4ff497ff0aae9e5e5cfc9e57c3446a63e61f,2147
0x201a2b88796d94d6a95bd4b9dd854b854e8cff06,84
0xe5c1bf29fb266207741b9969d1366009e519d2ed,960
0xd2d8be9a3c5868d50c3c31989af42135a909f41f,1969
0xc41d0cee94e63b1a1606eec4c5936b1d060177a2,2198
0x8b336ed807fa61d74e02b0462cf3244a17dc22eb,1108
0x9310894f7dda4f8cf2f38c020c41ddcc9979ff1f,1290
0xbcf6db950b878700db68b887a6f7e7aeddf686c4,643
0x94200941b4c83e80561dd9f98cfe9dcf692d82cf,24
0x96df4bdbd119ef5511b5b2ccf29581acee291f96,1451
0xd670145e379aea7558f91893732ead9e03dc1a68,2302
0x01b27ce8f7c534e4d76057c05aa1e15c1930e1b8,1519
0x2dc8e047831abe93a9032582155e9b0b848e1c69,1092
0x198727ff9c82c4287727eb7349f543e6ad1128c4,42
0x4ae147c0e6f52ca74aa14f9e99966c306e379401,1428
0x2efd8a34524f0ff5049c04daedb8c8fba2479a3a,1417
0xa675afbc573194dab23bcf055d80a2838852aebc,1936
0x488a3cf036bb9caf635aefa655a9b4d74d848f9a,1314
0xc015f254de83ad93a73ea50ea79fddbeaacba0b1,434
0x3309d29bba98c4e7a60b8cfb383a1e69ac7c66aa,841
0x7996ca9b9616a5def2784f4618fa0eb2bc310883,2342
0x9cc6ad8407d156233fc8235fdc3b7e0489b974b4,671
0xdc88617443bd8b44a27365bdcc4e9a4e5ccdff44,160
0xa816f8618c42fe9097c5dd453fe60f8ebaae699c,1228
0x4bd8209b0d72afb390d10c8cb62643a597d6a694,601
0xcea385f392ae6fd7ebb78d86b5bf08243d93d4ff,2412
0x197afaa0cff52636b3724bc4134a4bf6e3ae1e4d,1513
0x353e88c120551297f9794d7e728018888f5b95ad,1588
0x493d447c3a9399e1a03eac48a76de012e99aeda5,2069
0x25fbc201308504bdbd86da29e2a74afb71d580f5,2209
0xad9f1648362feaa2f3b4f79a9de5258ce2524ef3,772
0xe46b7d897e97d87c4895ed1b567041d6f275a50f,1355
0xbd188305eeab0998b130b40f9e4cad728b45216b,1639
0xfb746490169d043b40bce68d56dc217f87095b34,1332
0x14baf1deb103b1afa6690b3d03a3a695ca8e9e92,1161
0x0f832389d9ca122f459454659b4356cc08b86141,1514
0x73b001fcc32b54b07d812a245f1597fb4256577a,1453
0x1624283d16c392d9540e03402c492cbedaa30073,315
0x89f950ab3bfa48ebb3a236649b8be20274debcf0,2293
0x0b6e50eae684998ce1c7193f977b70c1353a916d,1559
0x5a8ed29967fdc9cf6ad01336328d8545884766f3,85
0x21892d549c1394a49d084ae7c4f194d275f1dcb0,10
0x8d942a917c4f23a7c4be189e8ab4dca74fb1d30b,1967
0xc685b0cff293328954b9b8a3e0a7bffd01f299af,873
0xd831dc14ea58872f53d0628f4e39ed880c0a4cba,475
0x11d1998b1823701a14d8218cee6d4160be9b6b72,1109
0xb47d3d5a2c1e9d06029521a7c000c532542eebec,687
0x984a631a9590ab198f915356b59edafb7c0b4cd3,508
0xa347ec1961f55bb2c30ffff8ce27c7c7b68613d8,1520
0xb1181e70a79262aefd6b2a6b0bdf6c9fa31eba23,121
0xf813786dbc5eea832249c5d353bc4d11dd1620b9,362
0x010af94e950039b4e6b4430bb9721367885ae784,229
0x38db131177f31769a35ec935ef1a8a697caefaa3,635
0x0016c7435d221ad787032921a5620427f5ef97b4,249
0xca42f7a90e4e90bb21c61d9cd47d9fc7c30f2e08,1053
0xd17b82bf76eb61e72a7932f71968240d2cb5b864,1001
0xf5bb779b793ca97a6755e49964c47574d720cbb3,236
0xff350f2d26ef099ffc1db6a839078b2b4fcebc88,53
0xdae084130384e2b3a011076120c6667aebb09ede,373
0xf366df51878568a94d80a38ceff8b79ce0fa10e7,846
0x74df0b7f58e7a789b91d4ab607606a6f7c6a488c,2181
0xad5b35ed09a538f62d7ef45b6bb2123c6762bfe7,1133
0x5b73d96abceeb1be4c2c95bfeacf2a8acb1b3e75,2310
0x7077caf2965c0ad432d94b00a86b2a97b218de98,1516
0x42ac60e9d7c7cd184c8c4eea0316aad4de2b798b,1112
0x0994060884ed590f964b49026e9bc7ab473f4b67,1521
0xeea99eb9681c2f80fc8b71017681dd44021baca5,169
0x6ca9f2207d38998561de64a7e45fbf81c8e1a9d4,929
0x45b02b91674dd918a57a657a803cbbf14b297930,366
0x699b2d6d37e84433e732d8a225e9995a5a305982,1439
0xd6d55bd30f3fb3ddd17189524dbbdc193b9ec33b,2472
0x56b47160f313c5ef410149abbbe897b8af43d91b,2245
0x7f8b345fafbcce71b49b296d43cf5681e25fd883,2485
0xbdc9ffad805505932780ddeeaa2cf4285d239817,2254
0x22c9abd5a9f85c020e0f34f2ffbcd53e22ed6f69,1915
0x3348cf958ba4cf267d229e9103e6e7d2d974918d,2046
0xc98e2d61cb03c311abed02b76c1da6d1d44a250b,83
0x2952361d68440e10f3fc0892dbe8db94d6e45e9d,1704
0xba302d88c3fdd4be9b1f218da3752098798c2e59,2360
0x8364613d634a5a859a2bdd6e8bfd02b3d0db8232,2334
0xe27336090f66893dced2ad1213b2cf003a7817c4,101
0x6f82f5987d6f947a47543f3fa80e67f9dc76a94a,345
0xae53980b7145b244bf4f47766306e6f5ebdf90f3,138
0xd653cc7e7b4c8be0bde7ac98e8068dcc5bea9fca,1220
0x2d98089da3eb1be7a59f74c4fe453b559334f026,829
0xa06a0101428bae5564b27df55159a96b9e86a7a5,1329
0x5e35386dbfede8c77c06f11aa155276361f283ff,675
0x2d9d43cc70b28101f3e7fa2236a685516fe2b2c2,1421
0x1f1c117b29a9a5bb947559feabd9a8509d29531e,2365
0x1d492bc4d9b7bef71444788adc6926a413372640,1203
0x8948607d5e5cb9600d568ec0e7062ef9502f3d44,1722
0x12af4d0b8db56e6d7aa16f465d7cde1e63a3284a,516
0x5b584050963192da89805320e9e69ac3d2e743df,686
0x5be0f759bfe1ab41a5fa4c56c2a6a29b7abfc773,951
0xae7ba800e7df61804aba6f728e1084acea303605,885
0x843d2e8cb83772e72f6f98208883d4e349b8822a,2001
0x0f221cf6c2a666b7ad5578b7779c065056b3dcd3,1045
0x67323c5571f5582e7faf7afff11f1d4aa34d3555,1624
0x02398cb32f60fd69aa8d33cd7432a270c35f61ae,1917
0x6b64b2b61edb618d68ca0edc8c944347ff0ef99c,1157
0x2f95c7c27b188243a99fee280a29bc74163c151f,1824
0xff313865dc5b154ae02106620c3c83eb5b9695d1,1873
0x9b8d8f32bfa1620a88d90f1031bf2cfca38f1f29,2461
0xf1bc2b34e765a21b098a992c6eb2d3aa74b1e693,2391
0xf90b139b37c27e0542f95fbb7d3215345b3ac9f7,1753
0x8e8036000c53f9dd509bca19b529989f279c6be0,105
0x0342559d85bf1211a1f1dc633f8158c303b01ded,2498
0x3eb20e953b4dbe42be96c5e685d35c3566cf4c82,874
0x7bb5fd5f8b0f9fbfc3021d3e674c00986b8d2be6,1738
0x814dda7b2ee03820e9813054a96b53ce384cca05,264
0x2c24890bdae261a71e5e700eef356b8ec0811b4f,1738
0x4a89de4068b25f5bcb02d15fa742f36332572bdf,441
0x0368b303a4f21734ee40837088e2b8b92f48d39b,1213
0x1dfabb512aadb258d7df39d36e3c24f69af75af0,2411
0x3f52b02067ebc200253e8e8b8ed2141812b5bc35,1059
0xa2379b5bd19723c76d8a0972fd678d0d2b2b238d,599
0x2e158a37803880291d0c00873782a135d6b681f6,2147
0xc0b906919d1c43c59a492a75bbe021c7831f413b,2467
0x1e85a2cca90d043df4bdef71d9bed32e9ec7a3c2,924
0x9e7ee173bf525a8e3a2e57ab484615abc84d0d09,2227
0x811299b31c1a4aa8ecd3187aefa0fa5559ab749c,1727
0x52927f864dcc6f1c300dbc5d76f434fe52e966ca,105
0xc2ef365a766f970c84846a3b53938c805b93fa82,1922
0xe88ff10a499d0b270c268956b969f3b44dbc63eb,1784
0x63598bb5da9ff0f4ff3a68ae56e7daab0756cbe5,1427
0xf96c3bb05c8358f24f6a15a6f2b44d1416fd903d,1698
0x471761f81f3aeabfd3e215934d3c45afe3f4147d,2360
0xf229cf97e43b241d3d52979902027871a8c3915b,1334
0x644132994c345ecb6a169abf99beecc89b4d27ae,229
0x79e26815a027ebcb5ec8d7eab2b2fcec82267edf,351
0x373ea177e2b6a66d6aea8687f1f5a84843500427,98
0x2f914f3ddd64ae7046cf41b9194b8299f0f70f36,1938
0x5779b2871a1c34c5be5005009cefbdff3f9f366e,930
0x0f57952fafddabec255ac8462d94db0c3da9441a,2090
0x2f49da1bf15e78cdd0baaf4c7f972d5c586ec58b,1618
0xd4567ab4cc9d2a99eeade460239916e0826d2a88,2254
0x953602ef21ca1525e2124842254e176dc53858aa,720
0x1e669650bea70e83b3581ae0c378c4954317e4e0,532
0xf097b1c9c5a3b00dc632a4ff0d6098a782c7a3b6,1314
0xf26e8076abd9df7f8c379451250709801b4916f2,1119
0xbe57205e9d5138e9feb3b87a7ec3a2e8233290a3,544
0x4719bbbabbc7b1775437781ea3f0a37d387c237a,1260
0x2ac03c05772c56cb9a13dbae8ff5f0215b6da814,962
0xdd5bfb48afade339438185c2caa3581a6625c346,2313
0x9ed9a927f783f687ae750a2acd69835b7ada9f79,2457
0x9e26746b9d80147b98619e9ba0714ae3b2f31b57,1409
0x4868e4615d86d8f6f37fbc0ab5c0b5c80eabbc3f,1032
0xa7365f582e234f8fdb2d2e95f16d45c2a3e1cccb,1172
0x661236d77c5d0a93e03ff4a085ef655969bfa5f0,407
0xf951e6085e455cf3c14c217384a7f606f16bbe83,496
0x66566b1d5260994750928b7bca45ee3bb5bc96fb,674
0x5945bc4272d601c6a764cceb1245165e8838528f,2308
0x5a6b0b1d7bf02a2a134c8e92607e383a98d3141d,2453
0x58bc0efdad8d039a0fc3c0d046e999d1836122cb,985
0x600ed3a4d057187288a8e5ae38b5b5e67ff1e991,325
0xab8297ef6bc1a0e9653271dc920447ed3d077d17,1289
0x28f8a0ad9043dfb9a20a7a063fe3b4a6bb0c4a5f,527
0xa07c33844309899577ee354bf5f27731e7a21545,1661
0x552e71b1daf80c4468eb68fb4f83a0e33d3adfaf,1384
0x4b8e8be79c3a3b4c7960cbe77436cf1748964e0f,2289
0xce83d42ff891536818424cacb1a28a9cb87906cf,750
0x874b3291c2d7555f7d028e03306e22b810597ac7,410
0xe985f7a5956ec5fec183542d8af45e684d827a02,563
0x8bb70f20b93ea737cecf02141182a66ddc7eea4f,932
0x6d92ca8d74494612d518ccb92fa46917257f08ca,2380
0xb5076a24073a8a3ad1275ed387714a8c26960e9d,1540
0x9f8ee26aba372483a33eb5946e7ebd8973e0c9ff,997
0xa580a0af9540e8b895c3fac02117af89c85bb7f1,1033
0x61ea7265a550b0752a4f358feafad02a62e68c0e,1766
0x5a4c3f3e6f47804c4278a32e66221e9c57e29410,1936
0x3ecb9ee8c700df51c369b1abf3cd315f93962f89,1863
0x9af2854a6a250ce11de55104c0faf6b4e9cddeeb,343
0xa98b529e63ae773c18e608b41a4a2f53c7a547ca,835
0x3becb2c06a74db09d98a391cc5f7ba5ed15bfcb2,1325
0x1c62fd0b98480061126548e6913728c9e343be5c,905
0x10fd28c9382e489650448f53fea0670459270824,2450
0x2ee05cd7db9baff01e62783cfa0d99f362db21db,684
0x67c2e16d8e4f9e97f8600c77f8c767618fd7def5,2127
0x5f2331295f0b5c5781e403b252d44b3a9948d175,285
0x486c1df0bdb01bcc1255c6339eb5e3f40af79d1b,2235
0xa96ec56796746468652145c7e6f3cf89580bf0de,966
0xb69207592f26c9fff80862d48095beae1d66e4c9,1337
0xcc6a62eb02d89c71afbb92667a4ea6c59343b468,1491
0x3d0410829c06103365110211ee8ad4cc2b7c5040,1569
0x1d7928b8ac48bd1b571278b41196095a9cd134cc,699
0x78b968978083b0aad9438c2d936fec6447df4a42,154
0x6538456a6844195fb91c65799bf96e8c4129d28d,881
0xb020cc9a6be768427b08290b914fa3ad74b7bec5,262
0xff8c6c4b96ccc3986c60e747fa9925e9882071d8,6
0x6c9a0b02daaea1722dc0f4c82be7ac6c67971e58,1096
0x1ee52d168f3ed8eeb5d1c4f6aaa0a6fa334699b6,22
0x8c7bfda6ce899d7486b0881b4f8482140831ba48,1615
0xd99a3ce8897a13b1babe3bf093e8e036cceadd76,681
0xa2012d9de1a03a93a120cecf5c03bc29ee8b3209,1702
0x5875d1f2ad76c1eea776a15fb0a7ae6b0a272350,245
0x5f14f57af5def6678f199e5e23fb1fd9a9362a41,516
0xb6b753f0b2617c888020a3dde233310738955a6d,1430
0x1d87f4da21fe3d3e52b2a7b2d55b474ff9787388,530
0xbd1bee98e4588c8e7bc113166022fcd6ff5081f0,708
0x5151f05b95a80446649b6cc032b2573dce85be02,2141
0xbe8b6a93d6d2f592392e56cc1a85ab599b3e4f62,1199
0x2fe5074d477b85d9c70568151904c82df5f6553b,2165
0x0ad8711a35fcfa18397f2fe3968589e09f60240b,1949
0x71eaf3af48132ca90276d1bcf7e572c4b23a9b6a,1470
0x1fb251c3e60088970824813d6c4cec53faa661f8,747
0x3776ef662a65493d3b86db286b6ffd6cb6d47e66,401
0x2909f283f2cfa54c161cac1fa95a393f0e2e6973,2285
0x6ee736fef5bad46d2b2df16ca45988594e55dedc,180
0x63a0dec9176a5555ffa0a8b92a4b41bb384ba315,2204
0xbdedf96a572471873a8daaa86652deee32acfb54,424
0x485bd1b7e64b24ab24c1b521c99a2bffc0337f9b,1297
0xbc8ca793c9d3cf399c9905af1a55dc00047c6657,530
0x89295c19c36d4627e3cdb8311250893d46e7494d,460
0xd221295e0b6323a82ee53072daa93f997e9113d1,1622
0x90231a711eb4489987802c7e882ce7711060f3de,963
0x1d40f26b414c0ee64cbd05644f00d334fc5dfdfd,65
0x11273a42bd59b80e24163e09fcc07b45914021ab,2135
0x9e1f0fffdf98a747906db54a91475e6be68c2a56,1529
0x6121a482dffeeb6658f5e2a4aadbe32ed9afa3b5,889
0xb0756e88ec1a36a2150e3e46f55954f3a025f795,1563
0xcdf926d206ceb5a21b08a2701f294264065308bf,2151
0x37f2e9a99daa07ed4bdb08f904a6b828c26a4f5c,1181
0x6f186848cac9177c4643ad732fc82bf6d2b8a1a4,2022
0xde820566fe4baeb2331fc60ac1d959aa32fc4763,562
0x717f03c2eb6d06220f5ec1b6f1b6473c04564911,1077
0x8d82f510d442f679c10d5818d988cfe43621bb6b,1325
0x72ed6fbb07138cbab4c6d3f80ae0bbfdeeab9f42,1911
0xfca2b1bb85ccb52302ce28f832d03dae2320d4f0,1485
0xec3b80371d93051c2bb5b7f49f0d27c25d86647a,389
0x85d6b9064b446615db1fee74b29fc91f164e82dc,1623
0xd45ddfeb8bdcc4d41540118b9e1ff6a39daba4bf,1715
0xb5ab1a30cca2da13bd078d6be5f15d854b5f2286,1433
0x54edc390286b662873f78a2567b5b7ec8c3126aa,1940
0x7f82b1673b6d1c390279ae569ee0337089d3642e,2373
0x47c4c0670e99b18411ba03fbade122e7a6d2a08a,1350
0x1b5ebb20016e18776fce3f112614b0fdc9253a1d,355
0xfb3a39796b36f6f523e63e46498ae66df6bfa7c9,1526
0x1ebb2a75927f26c651f0d0e2977c1710d5be580a,1722
0xf25b4bf355de1266496159d934d3497abcdd2622,762
0x657af5469b112426d1d8823d7da82e3628335c8b,1196
0xee13c11c2d5cde006e077b44be2283ee5c8dd7ea,1374
0xcf3b0844541f33c92455c537b7227e5dae3e98ce,720
0x7cce9eee143fd24e3661ba480bdd37ebfb87f88a,1149
0x4fd2d8fc801327e74804c4c36da5780c6aa8aac0,1445
0xbe2bed4d990d989b343441208e08fc27910a7a92,2033
0xdc50a3de4006da0ee908e6ac642f39f4b74657c6,1252
0x3411acc8e24023c081710b5917707027029e9030,1746
0xaa4bff967e1f29e1280b42db6a6303fe49100bb6,1120
0xac55b0701dc76e41c5f433c9b2bc0b4cb8a4eb24,2019
0xbd5b3f8e995e1a7d4784de9d459581b09cd0caae,587
0xc3e58a9009f3fdb340bc9d2c6c0322cb8d7e6628,964
0x0f3eb9092bdc8b0c577acbab3ac9eb353f0f3cf0,218
0x488b25eb8b8117fa4c37707ab1eecca637ce7b67,1106
0x9883500d5165763dd75a2d7bcdc8073d6d418fa8,196
0xb91b7d3726abd0c46a23d528ba79d54123f9500f,2299
0x942e35bf7103c155d0ef605fd612d76e3c3d4a4f,1825
0xa2506ad131e028eb041f4aa4cfe99ad820c44709,2193
0xf6dcb8eb1e9065b392b1e10458e19916fa28eeb5,1036
0x7ea2a8a4aa2ced601a86b095a3a7e6c9f10e34a9,2240
0xf72242b19156c7612afa41db5c730fc0899d6c29,1881
0x57e7dc1a59fa39fd05cff76a9214e9ae662845c9,1788
0x92302585c67f06a192575e49d30c1a23cc681465,439
0x812d121ddc79b6d930eaba8f7cf37cee79f26f72,202
0x765f1ebd8fe8c038ed28eb29b97fe30aa89fac1e,841
0xe6c47a57ca9cecbfbe973ad5a84b4df1f0e16b05,958
0x0ae3ec663729badf877e79bc3b306a9abdcabc97,1790
0xaaa066a3e15d6ca907a5aa426c50d997e07cb7f5,251
0x1868ab1913b02cb769161dd34896c33d8c7f9a75,2055
0x376971fa81b9fa27eaccf71cab0ced415da0474d,1199
0x9eeb5df10cf76b306a65b1be63c74109bae62764,1430
0x3c656f3b005c29a79320bf489d86d69e084b8148,2445
0x5bb344e57bdcf65f801c7dd2e13c1e1decc2c854,2264
0x995b9295a9a38bb4035b1dc19f30dec0f9419b77,1196
0x05224bc85d8d2ad9ba028fc2c22586bc7ef239ed,449
0xe71a4b070127b33e19bdef3233f03359a090dbaf,1174
0xc91fa79f5d21f068f51d5d2ada179771fc036196,1450
0xebfbb8dc80c312845ea0b69adb9edb1865f333ba,1624
0x805acf323e04aa5130eea4378861ea1b25575a45,1857
0xd28b8e0df82f1cec8824f26387b5d7044f8291b1,400
0x34c37e72d4075634e1a35238329c9395fb8c6ca8,532
0xe59a23809bfe600729306344735ecd63b395b6de,2029
0xd27e554c49317b46e31c40d7ff3d4dd6c35c4904,303
0xf1d7122db5e82a24881dd338586a60378f0b9391,613
0xa5cd2e500d357b43a530348622d93d296d647446,505
0x49f8d8b3b295a0bc91bd3d17dc04c9ef4650fa34,853
0x3a2e1df7eba0a0fefc3acd01723f047f43027c9a,1436
0x8cd6cc82977874057fb5b395ef2ce906bc6101d3,2336
0xe6ace984b135b37cc30dcb680ed4bc4f9491da5c,478
0xad3caa460cacd113777dbc84f83702eb0f4c5f54,1658
0x52cf806e6ce06b14b610261c0057afc53ebea053,1268
0x42780117de4fb7994a5caa173cafc8da77eed9c5,1626
0x5804bfcc45a0ccbc322388ba93f35cd37eb2e766,607
0x746652872ef608f9c1ca5d9760d4cdb4565abb02,2240
0x4c0b2e6892593d4f2a0303c113f3e95ae615782d,255
0xb9276651a57c18f3bea3a100eb5c36c300994904,1901
0xeaf6dba2765cd3d5b5095561d29fec489798d711,1218
0x09a5cf28d005af3e8cba711b4d812c69b5657f8a,1800
0x3d97be178e48a16f6c94c55e023b1f00b42fe1de,490
0xfb91539a3eef03be5dec8fca3d5244ae620462c3,994
0x256d9cab89044ea42816607530ca50e1a371db12,2466
0xf0663fda3ac930c72d095454a36d67fd7a387e5f,2130
0x8ac6dd762263820da50ba03339adafea4d7870df,526
0xc8fa0a90f0f3562d3e890c8516c8f3afe63a24fc,1641
0xef9fcc5f64c2798aa4f7c069b9e67296b92fef7b,102
0xf7cfe13522916f79d3a0a565eb8ba08b655ff4e9,1277
0x4c8ff8da742704957e35bee966062aa511f23741,46
0x84acd37c658cf6d92279e4de24272b863717ee8a,1021
0xeec195c984737c587188aae11c18936398a561e2,165
0x0c1cf5d8397dc7c478f0495a69ed347b34a867c3,1950
0x5428c2c3517ab46b21a68e5b690295e33b44aaf5,474
0x5b68927b287359a10bb5b972ea3fe8ca75e9c00c,861
0x8417ea03e873dd3edb87f4952537b4b5427b2ef7,369
0x6b63a68ddb488e54a847f62b699572d37c1d4c02,1300
0x24d02a33468ac80352a5d38cbea37d70b885873c,2396
0x116c596723e007b02956bc9cd4b4dd6e11c0840e,603
0xe14e81986623e5dbaf37e2cf342dab9aca3b7836,834
0xe13e04deefdb2bde6d2c62c5e1cbb037f6005f82,1836
0x1f0e591e2e693ff7c9fc037e35b3e72a10c98dde,464
0x174329405012b30389fb3ab27c3c017b2b317bff,67
0x07c35efc6d97e4e63f4293777a6f3dc17b6dcf86,683
0xc22ab76f0a782825e9b8d055c2b7c97abbf8ff6e,1882
0x166561f338f5f091b391467715bc0cf053fafd2e,1971
0xe81d6e6285da3a7d63a4101751ead5dec2adfcf4,1973
0xa94b7e933a135cca484843caf14e200a6b6c3c3b,2022
0x760efeb42f268dab0f3985d2c488c13fd440e301,994
0x774c9cc3685f98ce2f25243c76aef32ae132f604,1178
0x490228dacb6648f779bbc6c4f25a0e90de26afb7,2338
0x4acc81c8039de0c4320ef0a611945aad2e405eb8,2284
0x92512ab7b6289a1aa9f9ce41d36241c700e84f33,1121
0x967675ccd0543aab3c6a36d3a91b8f6870582dd3,1830
0xcb8fd66bca92a7df86c6cfd805a8cc1bd23124c5,2063
0xc9d291e734248e8e9c7b2713813e896b369fe801,1757
0xa03aac2859437013faace6fcbc9d5c0b6bef3e54,1937
0xfb874555aafe011f46a7603135bfe19d14ebcfe9,1314
0x3a738be502f6a0e9190d0a6a4a450469f4d70da1,1025
0xe85922b461a2add828e4405254990a9076923332,1400
0xe1a6c266c1c25483b54ea865b33d27084058ea20,1905
0x84441bb986aa27608211f0ee40567825c3692074,2087
0xf256efbf78f73ebdfc4de8d62634c4fb8832b749,1809
0x5f50dfa9dd04d3767d7ee5f5f9fff7b92ad1938a,1801
0xa942d95293cfa7f22c4d7ec170d2bea271fb1e1c,1414
0x91256a70d3e2b3d639e3e29a70c5f65071b7c589,1330
0x0e6df0f792d22f695cb1e9e0897a14d02289f474,1796
0x5e763940a66d107e6de7d038892eb166fd7820ce,85
0x7e54457388976407ba9bb948e80ad1be7ca3ed22,658
0xc8ce0da6ddc1980fd41888e46ffc5feae0a336a8,815
0x77dc2b0c53f8c39b0c73bcc6bca8cb2e8ca10642,854
0xe9acabb3008cd9051f68f93b07c9e9cd0a0fb332,1080
0x9f1f527ee1571f13eaebdcb24f6c9941019c12cb,1447
0x78b7d5eebf386d165d2eea92244bc20e5fe0ad32,489
0x883a022e58dd64bc555939f86a466de805e0f0d7,357
0x2d096f3c3688e882dfdaab684f119607b6922654,1064
0x3e29e7fa6b74b7cb1c4e0eb9b7507dd7ff70739d,1945
0x85e02944310fa3cb93ad2082419b387cc088e97a,759
0xeca6e61e7d802e2f46dc9bcd46dc8528f1a7ab62,94
0x72391c85cf70371b627dcdcce6ab65fbf9e80601,1091
0xaa50e74dd3b3e75cae14d06ad48235a6ad794736,2095
0xd70a1d2f97f4d28c962665420c8fe9ab7aeb5068,894
0x3ca86ae0f5404f2269f726f8a8f528b3aa892dbc,1882
0xf67c7d82e20b3e75e87b8f38c66bde4e644f6ed6,1570
0x5c09976fd03a7bc558dd4ad13c9fe6d7a2add1e6,237
0x0601d915d6921cf5aa690202a21468f0551b70d7,1231
0x50b791a508c463ac75a8f58d188953cd6432ca20,2236
0x8d1d675c76fdab6633cc72cc8b699835f47ab7dd,1499
0xd2c4054a0f76b0a4994143a5b91aa4286fd67c2a,1803
0x1c0caa856a1273c6fb28c6ed1b44ce2496735933,1837
0x31f6c210e21b24209f19747c9b61c5b62f9f3f52,151
0xb4fa0b1e0b211c436fc621ba6e6a5704e90c6542,438
0x7f67309cbd29317ac173dbeb3dd18716eb0ad913,2496
0xb2a624958034fa248e273256c31665ff011d9c73,210
0x4397774843015e52db67c259908e5f58630c431c,69
0x8ced765fa6b008541ea0afc6c2e0740b9564d84d,1030
0x07d8801e7980eedf40a402d15af5611a940547ce,2479
0x19ccde5e9f346f56f328315218545696a8092bcf,631
0xf05e009a807d9bf0219538a869127cfecaf16c24,1069
0x057126d866ec18170d1244045857def533d569c0,46
0xb30a8ed3296b10af754390d64e74f438029f9498,2224
0xe06ed8f706c248ddc59a55c9ef2fc3587cd0ba32,1342
0x73e1cad6051e41e9d7ba90b06c15a12dd4babbd2,260
0x1c6fdb4b48d771d712b4130b6267fa4e70840d88,1974
0x962aed881a1a7f715bb71dc2a9745c2634f9db8a,1306
0xf4e8f9914bbe83ee78938b2abffe1948bcf5521d,775
0x1b74127623b07b9c7e5bb6c968f2791462788bcc,1893
0x1215cff8e7db70606ccf07a27b5cf8980311e60a,777
0xba051d1be494fc35ffc3a6d81f6d1c49f2661f89,967
0x79d60f9ef65fd9fe1974784c406316662fec7a11,1162
0x06556af702fe62d1579c1165c256dfd61b00bd49,272
0xbcd83352f0a715206b5a2fcd38e368baa04979e6,355
0x9ac88c019d8d6c86d9dfba0e4903763c321afbbf,245
0xb63144ebde253ed78520e2764fa1dfb3363df059,258
0x814857cd6af03be2e70025207ba81bb759c47608,1154
0xdae8d161da10f451345f2852cde742b3b2fd71c2,2440
0x8f479c6206191bf89dced73327d47b7130959356,937
0x38932049c65c46b643cb685c38c5857c507c46d6,1590
0xd7554d12dc3e41260e9dc05a90e930f4a0ee75dc,608
0x9c286049e224a409f088c031891c5faddba4e957,1397
0xa0f7a22261eaac0612dd92468e5e058f0bcf67e6,2233
0x6a5afb1486410eb3c2588f0d31b991532a256d35,451
0x06d7e43a11cad819be48166ed7801b7bb86d3bfb,1344
0x27a0077cb5d04cc5eeb81b8678b0ba82bfcd71c9,2291
0xc7513000d27559f456785fd888ae496d07ada1a8,897
0x717c93175faec6988994a9075b2415cc8bc28f49,1373
0x111da991aec7f9a94b23cd45a51cb73e478a2dcf,1213
0x54709f72f74761cc9be20749a6548bdb56a63eb4,361
0x41e8fe06f6e96ed7fc7a2683ed845d9ccc0efda0,1406
0xe072bb58cac71ecf2b393758398cec690ddd4bd1,1219
0x3b83c5b73746fe774877e501c1922e162d466a75,223
0x5006657d94a57a072de6091a7c7ae0704d1a25f4,934
0xe195d4466b3ae4c684406b4b80587c6da34338eb,2198
0x5d253e48b785f666679a39c45fa1656960aee2ae,952
0xca1b1a9070f1cc8021ae1c384390c0af0022fc25,454
0x6cf1b6821dbbc44633271942ed58509189ff4292,591
0xa600a91161afa9b2becf966e6296daae45af925e,463
0x8e9763dbbe37912d9fd7d29e5f6a6081530c549a,2464
0x2ecf475be652c33787bf0ed55e520a7a07cab949,1519
0xc3c2a6ebedc8b3727e76b26c7e772d1bed375f0e,2457
0x594ff34337be9083950a8f5255aae8fbd171dc9d,1956
0x3bd94ae5f8713f7794ab30311961a85b4747df4d,2260
0x2d62e420d11f1c230901056f82c0e2d9ca7a924a,1355
0xd2833ad20a4289014d99c1e5e2375330522a7949,666
0x046076b39c46b733a26707d12c846101bac55b89,1331
0x16efd320cf1ee6976448ad3e6bcc4325b389f848,1010
0x7b8281fdc82082cf94053d28a4c809fbd4c57572,575
0x652b5fb9f628e26d1c47205a2f5879c2b2250a0f,798
0x192c014e5228ac177fd8de540dec8ec7fea4e3c0,2415
0x2dfdc25b059ff8f435cccae1ec83283b3ce00dce,2299
0x95093f375286c2e57c65ced20c28aa8a5bcc8f62,2127
0x9fb5fe062e5a7a29de5d3eed5c40cac5cd1cface,1615
0x460c4e80f515cf8773fda2fa1e3baf76702d0ecd,2235
0x1bcca87d288b126e42a1edde7f813f159d17935c,312
0xa24ef21e0c09db44b1a2a2f15e755cb2222b1b84,422
0x900a1bf7df096f938d16d3c7ea997b41f9d4878d,197
0xa25815df39b7e3f1b14f23ba651c452620d32f43,72
0xe57f0019089257af2cbcb0eed5f1f706f1ff4092,2286
0x8012106a63b2705adc20a425cb22c6d16b270425,982
0xba0ab5e77367a05258d40af7334a19d532d8a61d,2162
0x535bd748eb613254bc3cbcf5fdc848849678a611,2387
0x684255508767b2d46f1ce52f33961a0217a57e7e,2424
0x0b5fdd7376176fc19114f7827864523bdbaf3dc6,1808
0xd67e6eb6de0b4f8afb712950a5aa733958343749,762
0x0b89e3577d7c9f57d222ecc25753d2d553880c57,1415
0xf0dbfe93b949e6062143ff15dba4bee1d7a8c6c1,217
0x40bba226caa7fb14d366c594ca0d2ae495f5b2f6,1220
0x3b2a401452b87725d7fd9c6414b2a2fccbf1f0b1,1326
0x10216a52736ceaf18fc2aea2a9c5696a07299d9f,2379
0xf91ef1c24e763beeb5d9ee169831af6b555098f1,1905
0x5dcb4f1ae9323a0229c149f934a04b5851b06104,582
0x0f4ecee82868c9b006a460cb8094e05bd510bbdc,233
0xfc21b62a718d6efe6b388b088df2c6fa2bf8f781,2434
0x5d6dcc88e13bda01d3d5f6a7400072f8d90a3ec4,2429
0xd8bc2168346f99469a3a40860392b025589c8a4b,1793
0x28901d757353bcdc9b1854d4b40c623de09695a3,1092
0x3ddc30b84f33983b870feb192c32cde86f671176,2182
0xfd4bfe6e90259ae442d884651ca0d907e8deffa1,843
0x240e9de194f449f8625db69a587bd4d467e7d45e,2297
0x352907aac1282f7af059db759abdc69897eedc7d,2363
0x135190b8a52e5de2fbb23c2b6d1287e31a66353d,2126
0x96e74532e6271dc03648bf3299c6141097d6e995,461
0x4ac868a11ade1e6be329e1600a8720ca838e1a2b,739
0x46c5f767be88737111628126ab2b1dfcda074bef,723
0xdc36e6d9ad35f5e8ef594ec91a3dd4baf9a14450,1887
0xbff4c391ddafe9fb6ad7806124c63c836b157c8d,2423
0x0eb1d14a594a2e9333090d989146a778701d7fbd,1145
0xcd7046339c2c925a474186f9be8b241204fbdcb5,8
0xeeecf39febf81fbe8ca7576a4837496083def52b,250
0x7e7ab828ec9726c055946ad9f4743f990ff83f28,2282
0xee025f91bb0fe198d8387e4a92cfe8f5788bdd21,1812
0x4f340b4e93ab9304dca5fed621023bc53c0a42d8,1847
0xacfd958e7938b6624deaa1026df07f5b8849100f,1920
0x5583e72b8cc87135a63f6c7e80a10a8ea08074ae,194
0x909e62871cf90de800493bbbe3a65b63f08f0fdc,1268
0xdf0ca9157fd448605d8c9ee02461aced6c415c4c,2037
0xb372370e29589fa267681378e9a86be4ac2a5a2c,1097
0xb9430f7424b983ac9f440575b97b612bc1a6fa2d,1277
0xe3aee0959fa43b180c394df55ef5dad9e21b3e59,1818
0x0bc2572e53846ac6837f0150c7a070742b1db833,500
0x7d21078822ae778456f2dd876c05077b6970dbd9,1845
0x737285dfd9807bd4f16ac97c99df3395a3d30eed,1801
0x56fde5f9e986876fc0f4f626d19454ea62056ec2,843
0xec2f1090e91e30aedc34f0947dfe87c1d6141e15,52
0x67c9310d5142fd641d4e4d8b669f4b94e82eed44,45
0x0df529f8ca64de4b64ded1b20bfb5fcd3e326cc9,1416
0xa0c72820f072d0608c717fb7d43f40203c0f352e,444
0x0aefa8370c75b1e55eaa82a9ce8daf72bb71c60a,1653
0x9f0ac37350c5ba893d8a82b3086a780cee4ac091,692
0xf88a0df67ef3208b2b7046612bf41590b83eb132,952
0x41b1d5f762afe201806f7fcc5bd7f488b148d765,1760
0x7a66b143fdbc904c1adbf1dde7f71abbb281f3e5,1046
0xf111fb89c64d4acebe4125f4beb5183c40cfd9bc,1975
0xf1278c2b1a965cb44cb1311e7f3c4df843cbb6c1,1329
0xec11698e61dfd08e16bfb7b98ece369e7d730966,710
0x8d94597cbb3dbbf59492ae5662d8272a73de7e9c,1918
0xf19abab1b3060633d87c73bf2a5756c609c18b40,855
0x6ee7fb8468daa846500666681a6aee70225d7d16,1746
0x7834fbc4c4a9982657bcb1ae2646f082f272ab51,666
0x3789fcd1eff705d45fcc43483bcdd7a248633263,943
0xd86b1880d2b10b84bd7fb3633aeea81d1d14ee03,1909
0x19d9265939f0501adbdc987a85478dcd6ede0f4e,1843
0x3c8b8582687e1702f5cf95c7f89310d646f41b22,2107
0x4a26dcc1d8da9cf5b0f8257da2a184a74b000d29,2245
0x21058b600e4f1ed5f218fc37fd02ab7f2cba0eef,1328
0xf6de746b805f3abeb59744ab122058e1678ec225,47
0x85f314fe78c9c28eecd10e5769092b3e754b3848,1965
0xca729179c4811eb811a90e3e5c0d238dd0bb65be,1141
0xe026dd58387e3bbd542e849847f803aa0699a360,1461
0xe1c4bfa9a4ce6096868c190fc5915094257609ab,2455
0x2e961be0fea0a63d08341107372c51f0a4d912c3,884
0x7c98f73cb8e5c6705fcdb88c333bb7d4ba6553e2,183
0xd0ceb77f65b6433c91383588a6cd220bf50856ff,2372
0xe0e84b33abd26cf5e1862fb82c53aae105b38e80,134
0xb468ec44a683211294e3f7c484c6d85e1ef641f8,1820
0x382031fe75c5226ab433e66ab87ac03c0863f423,283
0x4f717d3d06af877b0e866594bd5bcbe3f264f2fb,787
0xf31fb0c6d8944fd5044791993d6983212da6fe56,103
0x8b2e13be0bd5ca4c36257a2cd0edea3bca8c727d,1346
0xff3da6e4d5f4f273ea49cf054f80000f2853660b,1646
0xa6181b674d66ea1c2557278e2b0f9c6164fa4a99,1351
0x0615627c9005b03a188f79a3adcbbe738267d1f5,1430
0xf5df2f3ae1da9c2cea1b1965b90157d2e90bf984,525
0x12ea93a5b0915abf15bff319253f5c6907d1098f,1152
0x2fa668d17de92900417a593fcf63e9bfd1b8656b,347
0xc17178d01d32114cc1c40ec1062ba44e164315cf,1834
0x4fd96e5393d03b1ac0c79c52af407ccdf22a8ba0,389
0x6d6eb33c4180fa5811e62d5004ec8a8cd72a9fee,368
0x45d43d2f7cd6cff8491a984d23ee053a8325fbb6,1661
0x0fae208c92677e1747abcb831e196f833ff2c133,1208
0x2a85b407a57c7a679c1720224aac05f3fe81d801,2062
0x8a04750e605bc60e38792c14c3a4d6666f5bc3c7,986
0x88f7165fd1aff2f21617d1b1cf0faa73ba9c6e43,2051
0xb4fbf23569013ce06ad84a0e7f3f4acf5ad3ccc5,1997
0xadb3d7c014c458b5d79f307aaca2227ba22c8c13,323
0x21840e3fe76152d7b3c74a8f026799f7b8fd2b20,1159
0x6068592945d71eea738a5e7a538ca34a9cf019ac,1733
0xdc81b057ee06c4bfa829cb21a452474f8a696871,753
0xe6876069bbb884ee54c1ec9645d76e90eed8d1bc,1579
0x121b143c8821c57981111bac5bf37e566a50a40f,1008
0xd6e85b9de04cbe5b6c4aecaf14389e7aa4e8c717,2151
0xd078c4aeb403ba97e3ba64f7c9be317bfdc8e287,408
0x4d63a96fb5e3253bb205f3a0bf64e53ff5d2a208,2317
0x72f489c95760e9711a4519ceb381a504c044f2de,2112
0xd63f8c3c45fe3f1b4fa2fe84878a9b86ccdb5488,1240
0x2add7f4898b12a5de989d059dbfe73046ce4d5da,171
0x65baa69f4b0c9a26c12fda4285e51719f9fd659c,478
0x1e68eaf9558b17b73175f39412b907d76de09228,1422
0x51f0663745b8929aa6ccf4d9d03a36dacc90e6bf,170
0x661d5fe6bf8075f8235a927a694f1006d615ab0f,1041
0x4b83f96df7b4bdb8d188d8785937c8578be9ff33,497
0x7c2a3bca106499a3ff5569ec6bf48838b26d0b17,1046
0x3f3143e78ac4b6967a0e5eabce2e22c42f05405c,1492
0x131ce4b18593431ad1ea0c190e0f9a2db669f2b5,2248
0x29f0e8e22890bfa2e25eb2832cc1867dfe001a24,2454
0x1380a3c1af45c112bfab93f54328b249ec79f9d0,2345
0xca0d59850023de1c900a1082b5bedbc96f44180d,615
0x19cb36802c4ead7dbaa41bfcb877ab9b529f30ff,928
0xa7ec4e35bc2569073598a3724176a4fda20db7bf,1184
0x1e767fa701dcdf7b0915803d37005500839caa58,282
0xef87075a86a47b70dce69e5af6f256f0363583d1,2157
0x0be02fe2b889dbcdd3c93c0fa9bef906f378556c,1158
0xa98c9f0d77e424e4aa9f6de9543f927592bfe83b,1717
0xceb327b63573228ed186ef3e8d4723e6ff6948fb,245
0x36172b51cd23eabec9e7368d1ffa91775a08f2ab,573
0xfc62af7423eff0fecf7837dd8e1817eee7605f88,1133
0xf01b2153662f2147882977bfc5c1f09443d19a6a,1899
0x715bb4b55a74fce0b34e8df172d4a8884e045ae3,904
0x3618fbd3d67f3f8e7fb374de7b89b985d1504f5a,1021
0x62655fb0b92a11584d409c8f5e03d3208c64d9f1,2106
0xb84eac59b1c6fb26bd376245fe8c7f76186769d2,1546
0x7d8ed389f91bc7a0be589fccb00ba3d06f030a3c,869
0xb2e311b830c4634f19e15645dbb2ea30d4cbe8d9,1033
0x6c64de31ba7fa45dc02d4d931a67b8f165e89f70,1947
0x1db184446f172acaf9cde53992673f4a7bee92c6,262
0x76fe1a9cf51862c306f902f555bb49ab1ebdc37a,2048
0xcc0103f8894692c1758c8139cbf040cb0f0f4837,48
0x0706bee8a0868812ca2f8511ab5f9d19d4568122,1362
0x1c1d466646cfdaa05a79a3cd761af9c59bfc0b2b,2261
0x542d5a351ed8f5e9beeda0fa3e1bcba7798bf5d7,928
0xdc4a39ebb74c4374cde4dee62d9f147e86fdfdc1,1209
0xdb2520870a97b220a1c6cb7b276bd27f853fcd76,1285
0xea300eaabc07016bf1c7b7a6bea93b143e37621d,2313
0x9b0c75aa8c87f08bd13335a6cd63a2f9418ace0b,1911
0x3d8f521440079cabd570e41db1cda73f04ae7080,1028
0xb74b6f112a4b2204898c4fd5e1c79a829a6d4bb9,1345
0x2db7881e08b1fd342414e4c950de8bec1ca974db,2273
0x7893ad1a7bdc141da8db05d590f13b0cfa620e3d,2057
0x090a79a032a95d37c7396a3c349932c84b654adf,1304
0xe15a1164a64edd82c2c9c9452f6e0bb441e9ba45,1625
0x266702583aedba50c8bbff1799aaf7c29787757e,625
0x27f0023cd67ce0bc5e47660326b6c707bdbf387d,651
0x7d4b9c7c70068a46a3110bb7452a7a874a23027d,1322
0x0af547fae1f6506e5ae589917a8e2364a9abe4b9,1311
0x06b6ba0e331b852fafc29741164aaf65d36071af,542
0xf7c333b8ebfd024d58a8b617ffea591ea7698a54,361
0xba62f49939670f07d25bc45416d43d2e8b2872fe,1784
0x5564db99dcff022e500d4f470fe14302982c7e83,1927
0x09143ba26927bf4ab55af31a5576b7e8470c6340,2423
0xda6a9ffb923e27a807b823985d657c292929d9f7,2328
0x6bea21e91c3bac32e355d26d0480e62c3eb6e8d5,1763
0x7bcd57a6900ba46b5a2452ba14397ddd1907dbd8,233
0xe557f012c04ecb96dba38a04ceaacc84e8aa51b1,2061
0x6a5a0b3feee4314aa041f2179ce4cefb11a266c8,1447
0x00497ed0e522cf930ea541ee6e9da6831f87bf11,1386
0x7ad2a44f83f9e729f9f866644400666f9498c3d2,1090
0x96976fe26b7881deac9dfeb44a458dff34c3f8fc,2142
0x934d16650a36fbc1f69252f27a7ff5ac0546c81c,1708
0x217140e70081f4cbc21197e6ba5def414f35f5de,743
0x8a394e424bf5339f7a002418abb284b79666941b,285
0x240c7b684aad4f271051b28a122a3bdfbc9db267,436
0x848435c31e81bed6fa082ea74ff34d0b9115152f,682
0x7b8140cfa81dbea74beb9204200289b7906d115e,874
0xeaa5f473333a66292c8c8f424c21cd3a10c35d95,2081
0xa74de0e2879c82799fd924df6ac371d04f73cb4c,1244
0x43aae18f1ab0660edcbdb0be19027b746db7c0d6,2200
0x458c2fc01ee8a83310f0bd88e184d52c1bf8570e,1751
0xcb93e657c1e2478054a374247126241cfe6ad803,2176
0x5bd0f6171882d9bfbf41b5cb3f32befd897a9886,121
0x09cef1bde1b2d820e72b2447c7ca87beb7943dc0,1906
0x2faac9be8b81bb5625ca1a719d57337bb1de1bf9,1144
0x434207c2feb20bd31d1a45d6dd6436c877cd43ff,2310
0x6012ba8d5230f156d385ac7f08205234a134582a,1304
0x7400f78a78c0400e79a7c5a2e57f2f97d55e4d04,485
0xdf45819d95ce5a4b353bb7262fa75f22fcb4e402,1069
0xe122c02fee4288a2d368709236ccc8836482863e,421
0x1e6878919f5792505085ee268c0e0147c915be7b,1387
0xfa2629744f0051dab1a3f3c647231b1cc1680bea,2259
0xff7742d40c18ad5a94211eeb9599c92f9164e551,150
0x7f0f05ab875d66b625240cbdf7abc0b6b2e1bc66,362
0x73b4b43f12bf0686bd37fbefc07f6296c44e2510,1244
0x813ae7e17b36807fecaf470ac4f51bdfeb617393,1204
0xbc316c3ba393dfe8bfe978f04501e9a170c99a51,2314
0xc9ff632dfade041378e4fe8f615a4ea9cfd1f37c,613
0x7a68304e2a2b81a87b36d58fde976a2457ed3874,1938
0xc8276b518926e632b7e27697ef242a7beba38d79,1848
0x66cf48957f911fcd606742b3ac9fe5251a2263c6,1037
0x7abf84659544d65d75c6e5064322aa8d48a02e37,1203
0x101433f0259b2f55821ff25cc545c1f483b92bf8,1811
0xbaa084a4b2338a410e8a444460b160c5e577304b,154
0x44173147e48a1e24d1655363f4e2596e84657493,1518
0x40eff5ed89240e7336c9f83bcbb1a3f61913a222,560
0x20901df3c0ecd692299c46998c6446a9ab2425f1,1268
0x7be0de53fd3d5163438927336ff0922b0af6aaf2,1787
0xb8403e972ba5db527c1e1d35f7dd6790069f1eab,1763
0x30d708ea63052a644722b3b8998f00fbaafbb184,556
0xfcb1ff7d8c2cf5b9f3ec3c04fea69e3545a38383,893
0xa88a1723b1b0cdbf0817d6a8c6cf44164c75179d,1529
0xdd77f8eaaaeb062d81640fb11818d8b06a2b9497,668
0xc3265e266d4bcd440cade154a425334a020c99f2,751
0xe839e2e6b912d626a5a50db7594fa9020e8d8626,1554
0x2236e52fa9b2911127198c80045c710974d45855,2428
0x85c69b7182682fcf2c3f4022382f6e5275a70610,2136
0xdd15f6ce62e6e6fe1e561f29b7dfb64f08cbe84e,751
0xe0da2dc62631a4b542005f0fcf432f31a2aa0fb6,796
0xb5cac9151bf21a32cbf2192b8560c9fe3bab8e6d,1893
0x434654d49553689466ad40a19b5a4f1db10170d2,813
0x459e99c9ca64cb515bdc82c1928d869bfd0d7530,2467
0xdd26c043d2af82f9482031718e896355ee1678bb,1486
0x29efac4bb78b338e3ef5537a0be387848e61c750,312
0x95e57788f5e9ab10c2a06eb3fcd9f63e9acf921f,768
0x0003860a745c6624856c1b1842758ade08b5c133,1043
0x02170f1691fcf7d418830b0ec64d6392b70de970,2309
0x1c6757c5b991279e66725e1d5d8e0d32441559fa,1256
0x370cface9e296de2ab204c4b90f0ede6004d9264,1777
0x5f5579f9f69ce9757a8212f4a07b2224af902d90,356
0x69053130c388947a7696612bacb8386860978daa,1399
0x0a76e56456d02ffb86fcf11b919f20ee5ce96521,1140
0x1f50217c7116a39ed38f20f6f393e254a6ce24a6,467
0x159823aaf06bc6f5d04ee5538ba9828cd52501a5,1588
0x0efc540012506b9ed681064a1c6f79c4b29cd158,2308
0x730e64e1231c2b7657f360e40f51c6a07f2ba09b,233
0x3cdbbc340fcb3abfae4b878fad3570f57c26a246,671
0x983b043ba31ee845fd99414d90a176745168e7a3,1706
0x481d7aa0fa466e658f6b03c31aaeae168a0127dd,842
0xb210e141731626cd934302bdc813afe29715cc76,1211
0xa4c0269444bf9f701e7e2cc13263cb680a7abe53,375
0x7dfa4758ff614b4eb447a1a19571d7f4b287054c,183
0xc295f16fd65ee979b1958182a9a90581db4f2079,1349
0xd0ba381323703010f88f8d2c8822923b01d25144,1448
0xc2011ad8bfc2120943979c81829c3b7c7eaf8a2e,1270
0x08008f7755ff5e55c7fce20e06a274eb29a88b46,1666
0x91dab1a3dd61fa7d6bde11dda0e8b95134046056,952
0x096a0adda2fa6c314b76c79cb1fff372fe8e038c,620
0xa40e7416dcd7e5a0448e5a550813311299515fda,409
0x329144dfbd1dfe9203703c6d2771a8e2473a8330,2482
0x1247c6c788dbaeac889d45d1c1b8966cd1df5ba7,1202
0x53e96ccf06213f10b3aea4b24caafd276b0455e8,524
0x3d421ddd8436ec7ce99f400f3e1eb779c2ec2f04,1223
0xb584ac141f6836738f1f31f41692d9c5d8affa53,1810
0xc975284982ce85ff9d2e44b5e21faadff8ad809e,1990
0xe6f03893f4e700719aaab47671c50d567c9a2734,468
0x65a6d7ece336cea71f7d29d5abc0cf2de5ddede9,1076
0x7b6d6d9668d7e66ce7ecf852e3ee27da544adacc,680
0x4bc4e61ee2c471fd0b730057cd673c662f755915,2424
0x19b8f1861f7f2c35f92595d99a241196d1c09cbc,902
0x72b9493d5609731490196502cbeab36b02a4aaca,1469
0xead343c2b9354d96a21924d35c61d5df48f416ad,1633
0x6d322ccf484c66841864c9a9e738a73e121329b0,698
0x5cc3c4af81877b61e1775979495f080cba8c1a46,2261
0x2b146d7e64a13baec1672e6b769e0c41a165116f,958
0x5d85701ecd78db29960d8b4f4929e546ba959435,1422
0x49777fd0da8da896beb2ab8fcd7ed2e09443860b,224
0x9fb9c35d60075c13a94c854600a40daff4ddf36b,1252
0x3fb541e89f20d5f3a1c5a6e7d391b177f5e02f67,2087
0xd283484ab924ea2b75178cb3ac60634a7a6d8edd,2282
0x0e0ca21ea5afc3fefcb5638af26aec3f6a691e86,2492
0x1eba6332f76bc408d30fa60b5d6b8d99fb35f3f4,1391
0x64226724c1cdb06b797b95f49be578dd94ee1c50,1577
0xcb6a3e148b5804bb2b0b18e7988845d26318af24,2226
0xd2d5b3471bcb29eae1e66c652cfa87d20c206b67,751
0x4711f5b753fe11327cb24f6e2cfb78c68c3c074d,84
0x69afd5e1fabdec44a8356746ca9350a551ffbde1,105
0x8631426e42e96050256f8f4582ed4fe1561171ca,1279
0xd3ec4e1a04a8c8d8b21062a42379310b5d751d40,588
0xb4c57cf30fadc7002a1c232a3b5162de53436bd8,2263
0x5d8a984f73465bb779dbc67b7cee0b5f40102f76,557
0x8628725e6bd7f1bd046ba72ba0cc622f67cb709f,1631
0xb730540ad8677c0588c22b28bc07dc3dffae0701,2208
0x626f93d8bce4512cbb297f1996fd5b7dd82915bc,565
0xaa07a35680c40a45362fe27d403a31d324ae5b86,1541
0x3e518b2020b24a9966001d740fd1a4a5d03fcc2e,147
0xc11648ccc7cda6430f74a8f1ffac52e6b8524ef4,665
0x79fc0f731e1407a9bd1f69df67931eea0e279c6b,1968
0x2690ba3f89848964fddd8d3e34610538f694bc33,517
0x410ef3723408c6f82872627aa1d84dae67c6f41d,160
0x21377c5dc496c064f9527520185da27cd478ceb2,329
0xf38b3a12357ea6afb337471cfe22c658837e4a7f,768
0x14714ee184ed3723c96d7651aea0221282aa1a03,1713
0x180f7ee028fc743ee563256809182ec04c2fe78b,2270
0xd96e9e54ccebd96a8da14328180cd2c09387a064,1040
0xff44af01d71134b867a912aa292f0c3415bdf502,769
0xdf2eaaf3441308d6dffe7415621f688dfabf0596,231
0xcc2a58613e2da931621773d643105f862f72cfd1,1374
0x2d3f3d43bf15f07ebf9be3c7ea61aad873a1ea65,1346
0xd35d01a1ffcfc3669e8fc2286b9faf5be6bfb973,169
0x41fe0a6dc5b6f227d804655a70383caff38055cd,877
0x515df2997710b4c429b2306e6e440947a718e6f7,286
0xd9a93b4c881a1bc277d999341c98ab8a8c6dc3f3,1406
0xd2dc68d177bf8b0bfc9f6b9ab592f95ea45292de,1954
0x30d9dbe890790c0e144e8dc8dfa840f97d467740,534
0x03644e83808bfef6d79959fb25905ff0a3491cdb,978
0xc79dca120014e330431304d4c6cbd65d8d7835d8,2004
0x89e20e3b88892195207ddee0c67bc9f08fca2c52,1425
0xa02be67c298ccd399be738d72af29ee376e76b23,2382
0x363ad43caabab1a236e30c559df1a34097d4a487,2361
0xbe87dce2f8739d6be17a275cc34bb36b203de961,472
0x1df8e45bcf17ee27b5d568c4908b3f74c8aa04c8,2227
0xd268e2612c44a1ddd6d09d6dff720b6f7cf5d5c3,2009
0xa1158d96fc637e4960de5a402c86b6d27651188e,625
0x7ac92f0de653c229bab9d21ca4cc1147123d4b4e,885
0x3b08be5a5dfba3a0caa30bef64faee388ebaf149,183
0x1ed686c3ed89694af7adb823ee784fbb5dabcee9,1734
0x1342f48c8cf0a7e02c060bb36da33cddd267f875,1318
0x8d646372a3c405a0ba14512f438b6b0ff40a800c,1815
0x5aa2a3d006bb34580bcf98849591e4281f3b8156,138
0x218f4a616566bdb36065f7ff1d72312e8ee78039,1742
0xc3f4056dbb694f6d88760e1f0a73fc5c6b0b9ac5,702
0x4153ba553de030f6f076b9f9f19cc3e103f44cd4,738
0x86bb5c2454c3d3fcb5e74a38153ce882d9c9e43b,1290
0xf43274d7f5b842809947a98205b5b682956dfd9f,2498
0xa0ef05dbc037008fe1512b70b8cca6d7f67ea48c,817
0xebea7e32f51f7729fbdc0aba388fe75387e45eb3,1260
0x83905805f8eeae01813c69583820349de6d6e34d,1310
0xc91adb942ba9beeda04c98692c53f201dc79e578,2038
0xe20e2317d51a4fd396abf4be6cf03f2d5b66c15e,2248
0x09397c0c24de67a0f0f70720d468026720ab7ae2,1591
0xbd65d8b76c54949484ab5a622d5f24801a86705f,421
0x66c2b246733e99daa295a0ed39cd78aceb496166,1574
0xea124d27673328307122f4a43609216ccef504a4,1078
0xd4e4fad64ab30e5184eb47c7683fe90fa76af1aa,28
0x3404dc396711f8ae0fdd7fd23721ceb6dce4eb8e,285
0x041156528a6e20a3b5495dc7c4738194c771c573,2349
0xf78a5380692576c1537ad0787f86d0df17402d2a,1566
0x5cd260d8c303950bc6ecc5c916e379f18f838e9a,1570
0x8c2772b09d8a64604fa19e48d6fa36af8dc9a447,419
0xcdd90732ae7b700b1d3bfb60b067f0ed061264a6,1992
0x03ce18eae246cdbefd3317a6af8771f25dd6b293,680
0xb183eb49a85b88d652292d806b5bcc9ea3c3b353,1504
0x383384fb4c6f047e4d4d408e2c91b071b2c4851d,2381
0x89dd59244bb4f02877aa8b3deca14baa4a369b08,1363
0x67bc8fb4996fc055d7a009d974ecacdd0ae9b049,1866
0x8f1e52357cedc1d4192e4057e55039b7c0eb7098,1453
0xc054f4133af78386c940e33221d9bcce4e11adb1,1936
0x983b9643caa987315b5381814cfa4196138b4273,513
0x98644f83dfef9e7657d2de28bd899020dc456f9b,1538
0x30fdb4171b4b787f5f9449515cdb6f1a4a7e090b,634
0xe6db47a45121092c6feff4faf77cab2193180413,984
0x5ad85f417364bdbd398ca762dd105f01d2907d6c,2344
0x14b4dc14242023305121fc969b366b60cb9c903f,909
0x1bcbfff19b869d0df7135fd4ff8f9f99d82d5ba9,920
0x62da1e7bd84b07122f748c852d1b913228d4f917,1139
0xb8c1a7d68caee49356f23ca65a5fd44e1d7cf6dd,2315
0xf233e0939df8966ed5c1f08268788d3604816aa4,1783
0x06dd1c54ea0cf9efcb3ba78eaa8c56d169788108,880
0x868934694ceff23f481caf5cc9ae80b0a307cb18,1113
0xc0e6c1bd825749872bcf4e38e6a7339407b2fc9e,1621
0x00f2ce49c3fa6d8af891f49fb7914464a3519be7,380
0xd30fdec43cba9489fcd9a1a447bf5f68fecbd28a,549
0x78e9a1d67714e49a1bffeff8906a4f71832f2d5c,2121
0x34a9fa7828d6a180f25ee1c5bb62f984fafb644f,1338
0x6ee284a99cb6a5d66e2f29a2bced6b54364a60a0,2385
0x716773fa942b2b7e24906762c4cf2724dea77cec,2328
0xb910d13f8f2500db1b41f02d84c677e794f5d09b,2495
0xb0bff6a1775eb0418ecea1f4ff6d98cc37af8770,446
0x5bbee915cd83d9ac2496c2ddba7e6f8284adb2f5,1503
0x6e717c4ce2ebda5ec5e1c249bc1da19f4d8478d5,386
0x4e76d323e421e037d0019999c63bedae92c8ff19,374
0xe91eff5791c7c230f4f570687b4967ec1c9b42d6,1368
0xd39b7d37bdc95d4771a2dee3780ffccc42e9fb25,2253
0xc48168b13e60561c150901e1dd0f6cf531780201,1343
0xb45416ced8d807de00f9f479afaaafa70fa43a08,39
0xc00c1a261cd6f91a121164fe32f61f98fe7c3a63,1214
0xc16a1e95c6113485251e1799a953dece4eacb70b,1411
0xff61ef7403b0e73dd481fd81f057db4f2b3010a6,2000
0x8672f944932227fdf65247219c043798763939c0,1328
0x22434b40cdba8e1e96aa0093e3ca0af0a9ab8cfe,1474
0xf00274cbfa2decb6e0e2c594af0bb3201ae36d88,1714
0x6636e61f6fa97225813c1846a83e41422e681518,1572
0xe41f24b7032191fa3f3a3cc8e26b0be5f4411057,2366
0x4671d895774c62e9a38b1d58a0836d0449f126cf,1172
0xb0a49e5e1187c0d1de92c8f5dd4fb1226e3e53de,1856
0x61bcbd4270f8cd15c4a44cadefa5e4468dd42536,2087
0x70007ba9fce1a8c2ec9a9e2e167b4c8dfa7a3c22,401
0x0689319085069173948dda86dceaeaf5fe140b6f,1244
0x57269759825ff173f67c8cde55d380d7c9bba82c,1259
0x2070bbe148d44528fd6d81fa338f20ae5814eecf,2099
0xeec9ac14242d31756c80b8d1c029ac2b8fa84cbf,1184
0xda17212397fa664b572f26b6013d02d94a524c94,1445
0x1f500a94b4178a79482c0bda18ff4763e220df58,2416
0x6d5db3669ca7db54e7f6c2f10e42350c623d1031,1432
0xecbbe7b1eb5d5437e4fe16c67f50f10602381286,1407
0xca576b7eccda77eb39619c133dc59c232d827327,82
0x0b219521b4fb6aa0ea7ae2b081af5a85043a55cd,341
0x2504e3a1fd0f2bb614f5527a28ddaf2490701053,139
0x77b64735ad62444c36bdbc6380b2a15100f6c676,2410
0x9c16dcbfa3387360b04a8d64bd837e32c8b6e712,593
0xf09038a7ce75ffeec272cffd9f7734161ab5a153,1189
0x6c92a7b9bb74d8e8121e76698faf5938d5dfca85,1847
0x278856ff304214d0c7cf33aa3589430d56c78e98,1303
0xdedea46b91c3e9a6174ab5b470280f39c1101fbf,963
0xc527ba93fe00907fad8a4e01de380e9aee278f48,2324
0xf50b62920825cc1a599628a30422fbed528dd758,1662
0x673e41e015c72455df5ab798bd88f89a24e54119,418
0x686534d17564b1d987f322935a3f0dd2b018f8a0,1681
0xc95cad2d590dd830631ecd90b4b3867150ee4975,754
0x8aa9c01b71035a7b8f6aa682176c4c0960b78bc4,440
0x95928a6b92bcb877eaa4afb53a197343f9a9dc6a,643
0x46352a0986da6c7f6d65f4843d91a6c0ed2e6df0,1159
0xd1f13b2f64335ac269d93a75f11ef63ac7b2dcec,802
0x040032bad859b5fa1853c7895e05b704ec7fe205,784
0x965952a08bc3762f0dbb21dd8c44b906b4ffc290,2239
0x431c75d2937725ce7a9c83627b6a10de3d152a2b,1293
0x5d33b9e60c27df5ec96c4f4f150c4b97242ed413,904
0x6c6a15eed91f9545d4ba032f3833d62e66218823,654
0x46800494bf163c5a844940bcb58f2b4c4c174a53,2454
0xf8d52ebeafa147a623748bf445dfe2170725dd33,84
0x096eb24a26221256725846fc82623d19eb4143d4,1588
0x659e69526e15926ea31d9da3ea053d62bb0ddb00,157
0x96cd0b2a15aa1a4f41752ec139593e4a46e47beb,964
0xeff5cf0a2760dd97da23770380fe72f9aaa33079,2051
0xbc45ed55f5aec8c1471140240e357cf3b1b17acd,441
0x2cf9abca83ed8f4b6e3d16078657e10978a73fa6,2081
0xbe73810d36fe7ef1272f847fe757ba4d6b62c1b5,392
0x154ded4413c175326ab6cad22b4af9ce1032cae2,601
0x0f1ec0e08cc69c205cba693a079413fc058ebf0c,715
0xd31cd8f07cb620901f0ab35d32e8d7e53d38de02,1384
0x597cf55c30a2207ab41f54b8a6e484b4989c6fda,1899
0xe167dcb69922e8a6ec4d0b04d543be2dfa350864,294
0x7a3d849f4620b24509b87a1997d3bc8e24f5233d,27
0x2ae6ca5142d9b47efe4ede6548918f788ccc28d5,1484
0x42d20f462687df84559841fe4d5b75cd9f376ca0,369
0xd1fcd5765bb30897546000874a2216cdd0478a7f,1368
0xdb3b2d4140f82180b7d5ccc727dded0452076baa,2398
0xc6c4ffa3dd533633e012ba7e643bde17044224ac,286
0x382cff3d6278116b24d0f6ea92dce2fa73e9c755,2298
0x9f9ce095a0f3ef08adaddfd7874d7ac0f7965348,1302
0x9aa7cd886fff2c3b50a0386f74e15ab9c1562b32,586
0xa95e7c3b6fe55a2a603ea8e295e4247b9717ab18,342
0xaf6b1119ba21b03ed3ac17b26e16b0381bbd02b2,1853
0x3140540d0340ff153e0a9fba1b9a818b8a4684cb,454
0xc5d43f5a85e30b4d46f482d87f3be5b9746de618,892
0x39c586dfe601c6609dd8c459a510049188fab950,1449
0xe08b1fad5f2d0365ec65014eff41e2a0ab9f5357,2081
0x1ac9d7a18e8545d7649a81e9e4cf26e83a14a9ac,2153
0xeabacedcab5b0790d1a02606fc4c11692174d60b,776
0x35c3c78e98ed65af88455a1993340b4b343636b3,1857
0xb63a299ec00065e6221e5bf93ef50ad55afce88b,1092
0x327be960d92bff7eddd8cb763758624cc61a63e0,1256
0x155c1ee3f77d59a998c4345952e1329b111b1177,84
0xd1f4689a83e86c4480f429339e4de566f8dbf688,1631
0xf18e930098f69c0483b048b2973db734b838be49,618
0x6ede9d6de4f0e1a417ea431777ef66492f111729,1633
0xccd0c74f5fa738c5d5b2234aa1213d103c4f1480,2076
0x89b61183483684a528bdaa25074c998bd3e70c5c,355
0xa425e17690d88c3e1fbd3ad55d3e271396ac9007,1572
0x4f60b45ada16749dab9a4f62d491d5faa4664b39,2162
0x4474ed505387268ef418cf8072d410047c154381,1322
0x028cf665a5cf1c413751b59f934b3fa3a5ec80ef,2385
0xaaa3faf57fa9c3f755584487cba90937945037c7,1408
0x68884dac1e959016a6d9f8d24fbeefd9b79a0de9,10
0xc8610a288f55aa6d98d8e0d94ebe5d6497d45838,1371
0x245c15cc6349f6b965355f4c03d6fc0c5db0280b,594
0x455c5a75b2a271e4c9292814ac9f4aaff0bba513,2365
0x4275f6daa67156179a9ac1cd5dbfbcb6837f664b,1168
0x20c36f1392f3de2606213ad6addda9cb31b0f607,1587
0x07a691e194cae0a5a1493c8c20ac5581bc227e8a,528
0xc9a40423a756e550ec0f2208d1bc4fb4750ef156,335
0x493135a387ab50d5ff3f867202c9c5408067f969,1756
0xcb1340cba992c3f15cdfdfecdd1fe4b7e36884b7,1715
0x2a242571380ed9d279eb3f422d0bca44662e8d6c,41
0x225de515ee81d98be29a49386d53d3941dfb5871,136
0x51e55f05c9e4fa7c42f0951707f5895d3d83dc66,1952
0xc6558c566e1710c6fc214d114b029d85a72458bc,525
0x0921f5420b41d149bb7a5ad1ce9345527247ccf6,1449
0x9573ec134ff76c9c983eda285fc23d8231696976,233
0x8f16d687b62b5e368080a026591864fdf49aa2d1,487
0x0856f2ba1d13fe1849e07753485f73795a755ea0,823
0x924838dd1fc87bbd5fd071223ca5599265a9a9e4,596
0xa45d8f4c6806c2fb3e92fb456193fcd81607b462,883
0x29f48725521893b947b2142a96d1df73b83c0cc9,81
0xae759ab7eacc348a7a4863ed6e21b1255b5ecc67,226
0x3b56255a9ea2892d606581cdf7184c6ab4e18525,1521
0xdaa3fbc9cc25102ac33bc6b18b64c664dbc0795b,1863
0xe2814915b444eb2ae1a0f4bb73fb80108269d1f8,683
0xd10651c4fe2254fc1920a11f24041ca32f630e9d,1039
0x8cb1c22b3d3d5e1cc1d3a546b875d2de05972a95,1134
0xba589eebc0c298080f38e953f579537d6e5c4747,1185
0x7ca28e413ae6da09f366088e9da9565e8564eb64,938
0x897f5b246664c1d14564fa2467174f5295dc0e32,1378
0x48fa34b459d585ac9e3530fc6bcd27eb21019c69,443
0x07226ef36f84eeb7771f555ff2ca6bb10bc8df72,2053
0x1ae2b31cae3bb0df0c2bab1099e8428c6d0147be,2012
0x64933b342cfe47a698ea9dca29859ed27dcae861,2170
0x4fb58cef950ead3c32ed954c5209aada5b184dfb,643
0x4ebd96328898ed31ef159c859c6e0e35c9bc288d,2214
0x55ce97b34c63d05a9b07c6326054800630896813,1506
0x88fa42a52e529c992265b2a5e0b2af6df11a9ac0,2001
0xfc4fcdecc4daf296f7aeb6903ce694f41f8d28b2,796
0xb900349b39fba015483611b9224334ca47cc2a27,1676
0xde170a4ec3b84679032ef1fb3f0793e2460cd9f8,2261
0x2f9c993be8c37bcd85f39adb8e412941ce15e121,1492
0xcae387ad8c248f09e56632bf8e71d055f4c5f22a,717
0x56219375073391952aabb67f6ece7c59d8c1d1d4,1068
0x12c5728812b0d3c32aec46ed3201c2d534419ce1,786
0x8ddf236d02870fc2fecdca33dafff13239591eaa,604
0xdea4f368586eb54ba80c6e8a0da5b5a4bd8d40b6,981
0x0c43ea719357510d59d054d3c2de77fc7d36234c,2290
0x769091b52ba991820a9db91d65cdd1c35cbb4896,811
0x59c41e73419ad26dc6e12b6598617f8dc1c70b34,1756
0x0d0576bc65d01e6a5c94363ca776f5716604d440,1441
0xb2c9ee15f93f9586c714b7e9de42d59be1184acb,1610
0x919e51d68ab0572070014797912593fa40292961,2433
0xa1444749a2ff5fcc096cf25917fcd6237eddb924,533
0xa5d689049355e61f5af583d64cf5827ddeff6977,22
0xc505e859a14ed128620178f0f8bc2458d0986bf5,453
0x456ac542ed25f29f6cfa931a0b38a7c3a9238301,1733
0x0c2f381e61820e731115d11f47ccc8df0d47cf2a,2211
0xc98fe995324e718d9251808e0b06b764fdeea490,1026
0x39312f3ead4bb10341d695576bd9c82aba357acc,2046
0x905e3203dbb10f8a68b829c4d90b7f07dd5d7fcd,2254
0xe881af229823682b8e564c3188ee16b6574b29f2,1122
0x95103f184273759e2277356c271df53ed2c1a81b,2418
0x9f9f91cea805dd3a036815c162fad43eb728e68b,504
0xb887acd12473e3d7e4793f51329a8288bcfc5831,137
0xd1529e27844099a84b4836d092c2a8f235de83b1,1339
0x99ab96c913f2c2e0f6f11214418f2b9895a79972,2147
0x5a2207e10952e20b3e880ded87e5b5880e5cab62,190
0x1bcaea1c7fbe3d259b885adcc93a59d3b35868f1,103
0xb1ec332b4cb62bb8e0cb59da34bccbbc0e13b194,2205
0x02d99953a1beaf90432812aa8352c131f145657d,1048
0x167412016b2a01ff107d843dab3a946afdce71db,2286
0xd87b16e43df7de451e1406681db4dbc6a78509ac,2023
0xf507444f48a9cb049b118cb3bc1650e69940cc9f,1207
0xd9cf7c365f0640bc20693efca279785595de832a,1839
0x766173c37688d0794a47f71b89094ee44a64f123,921
0xe7e503231b0f04e47768895746e9243f71571e55,222
0x6bbc9b8d5db2bcc66e51921f4190a332dd2d1298,277
0x0eb08804e1bff43d5d386bd6ba2842c9d6208e25,170
0xfb6b127709dc1b62045fbf0298d6cc24a6a55078,1524
0xed73a4069e8c660c0f087a50571b88f643e5ba37,1179
0x615e11e3877acc3a51d79be054a6477ee5db8f8c,1878
0xfeb9e6802f0cf5269054dcd84b6a1bb6c6530b00,1716
0x8adfdb76dd4343a9e9f1fafd3c6dfb7aaaee4bda,1264
0x62393ec69767c10b796d849ef1b17d8c0f43d26e,2380
0x598c0411a9f27a98f891997b05f7e37257eea7d4,1911
0x43f9f07bf32992fe416b5b0856d0530bf2dfd71c,1485
0x1069eaae68c245e4a07cd5de2dd93c6d57f6493d,779
0x891118b8bdaf5f15cc8ab0a304860ad3c1e362e4,2078
0x84f41b52e8f1b54f40d5358f7678c4b42002934e,1666
0xfbf972353486ab01dd46281d56292654fc4e7233,1965
0xcb7973765c656f80dfb1992b68f23ce33271e3b4,1892
0xecc2422d1efc495c14d20c7d8b9e51d9f484e1de,2274
0x7598e4ae0bf560ef7f5a4eca1aa2339886b7ae8d,1538
0x987b27981bcd301116640e7237532963453af222,1581
0x3ae4ae97585aa29670b776fbb468d73a90b20b90,1469
0xad434577834c37f6359eb6ea01db5d617c37c638,463
0xc18a77f3d1e4ff184ff9cfc0eddd2e943a8aaad2,381
0x56910f9b5b8aae36eab16b8eed54270f35ca4038,191
